<?xml version="1.0" encoding="UTF-8"?>

<channel name="xfce4-terminal" version="1.0">
  <property name="color-foreground" type="string" value="#073642"/>
  <property name="color-background" type="string" value="#fdf6e3"/>
  <property name="color-cursor" type="string" value="#073642"/>
  <property name="color-selection" type="string" value=""/>
  <property name="color-selection-use-default" type="bool" value="true"/>
  <property name="color-bold" type="string" value="#073642"/>
  <property name="color-bold-use-default" type="bool" value="false"/>
  <property name="color-palette" type="string" value="#073642;#dc322f;#859900;#b58900;#268bd2;#d33682;#2aa198;#eee8d5;#002b36;#cb4b16;#586e75;#657b83;#839496;#6c71c4;#93a1a1;#fdf6e3"/>
  <property name="font-name" type="string" value="DejaVu Sans Mono 10"/>
  <property name="tab-activity-color" type="string" value="#dc322f"/>
  <property name="color-background-vary" type="bool" value="false"/>
  <property name="color-cursor-foreground" type="string" value=""/>
  <property name="color-cursor-use-default" type="bool" value="true"/>
  <property name="color-selection-background" type="string" value=""/>
  <property name="color-bold-is-bright" type="bool" value="true"/>
  <property name="color-use-theme" type="bool" value="false"/>
  <property name="background-mode" type="string" value="TERMINAL_BACKGROUND_TRANSPARENT"/>
  <property name="background-darkness" type="double" value="1"/>
</channel>
